system:index,BG,BU,C,F,G,SI,SS,T,W,first,lat,lc,long,seqnum,.geo
0_000000000000000014e3,2126568,7145,5705,242,5,49,997,7,522424,3,23.974216368174805,dw,37.389812984398326,2227.0,"{""type"":""MultiPoint"",""coordinates"":[]}"
0_0000000000000000135a,7617714,31,363,0,0,0,9,0,0,3,22.989818779014676,dw,24.08886241049551,1834.0,"{""type"":""MultiPoint"",""coordinates"":[]}"
0_000000000000000012f1,28300,229335,114139,1075,2106,761,477331,636747,4754859,8,37.96952366240917,dw,24.99310667924785,1729.0,"{""type"":""MultiPoint"",""coordinates"":[]}"
0_00000000000000001340,7891504,0,2,0,0,0,0,0,0,3,27.292532980363788,dw,24.78180624326164,1808.0,"{""type"":""MultiPoint"",""coordinates"":[]}"
0_000000000000000014cb,1701037,572971,2290830,34083,2032,172,17185,45449,828769,8,31.12589014982892,dw,31.652384823678453,2203.0,"{""type"":""MultiPoint"",""coordinates"":[]}"
0_00000000000000001505,2223035,339064,4376814,3269,29268,110025,1438484,496211,83889,4,39.58851361322578,dw,33.96483835748961,2261.0,"{""type"":""MultiPoint"",""coordinates"":[]}"
0_0000000000000000151c,8063839,12499,16160,120,35,3,644,15,421,3,29.950046792532063,dw,40.73511655663073,2284.0,"{""type"":""MultiPoint"",""coordinates"":[]}"
0_00000000000000001325,8055423,5,276,1,0,1,111,0,1413,3,29.495624963151798,dw,23.614251567291944,1781.0,"{""type"":""MultiPoint"",""coordinates"":[]}"
0_00000000000000001507,2836,25445,29842,2,7130,294,20442,75485,182429,8,44.08665935992824,dw,31.838874581136352,2263.0,"{""type"":""MultiPoint"",""coordinates"":[]}"
0_0000000000000000151f,3163169,358820,3783682,3815,4746,783,906805,285052,265351,4,36.923175684548326,dw,38.200311274262546,2287.0,"{""type"":""MultiPoint"",""coordinates"":[]}"
0_0000000000000000130c,46336,94094,92477,11,389,389,433595,275563,3520432,8,35.79232396217201,dw,26.256252311960612,1756.0,"{""type"":""MultiPoint"",""coordinates"":[]}"
0_00000000000000001377,7676446,2320,50204,6,4,3,944,213,493,3,24.882581192188017,dw,28.75975381638381,1863.0,"{""type"":""MultiPoint"",""coordinates"":[]}"
0_00000000000000001503,1503987,523608,1432440,2827,1599,34,561149,608372,549382,2,35.02087457901839,dw,35.91686621155021,2259.0,"{""type"":""MultiPoint"",""coordinates"":[]}"
0_0000000000000000153a,5337875,117770,2509908,405,105,89,570788,103088,77970,8,36.446314863770986,dw,41.39580093436454,2314.0,"{""type"":""MultiPoint"",""coordinates"":[]}"
0_000000000000000014c9,5023090,47197,162327,1307,99,194,271,331,779111,3,26.61269811726308,dw,33.598149820031246,2201.0,"{""type"":""MultiPoint"",""coordinates"":[]}"
0_000000000000000014d0,19075,329441,3045510,2198,501275,2909,699493,4692254,173039,2,42.190142886937466,dw,25.838876741171813,2208.0,"{""type"":""MultiPoint"",""coordinates"":[]}"
0_00000000000000001502,5998518,448267,1244954,1119,960,25,462900,147992,31033,3,32.72211208001137,dw,36.839737263303064,2258.0,"{""type"":""MultiPoint"",""coordinates"":[]}"
0_00000000000000001522,10438,16337,57362,19,14937,70,48156,157249,373822,2,43.799930555714816,dw,35.47515751037879,2290.0,"{""type"":""MultiPoint"",""coordinates"":[]}"
0_0000000000000000135d,7365493,78802,521293,1974,100,2,2360,5026,54143,3,29.13969491937193,dw,29.647592824464773,1837.0,"{""type"":""MultiPoint"",""coordinates"":[]}"
0_0000000000000000151e,8261386,27063,169429,1463,309,9,46433,979,12809,4,34.60157100642988,dw,39.06313473109428,2286.0,"{""type"":""MultiPoint"",""coordinates"":[]}"
0_0000000000000000153b,2022024,255680,3325193,2785,153548,2001,2320670,742988,171841,4,38.78594194387738,dw,40.6200705123653,2315.0,"{""type"":""MultiPoint"",""coordinates"":[]}"
0_00000000000000001500,7936469,1645,12437,0,31,1,699,1,41,3,28.117094467301715,dw,38.59873816555289,2256.0,"{""type"":""MultiPoint"",""coordinates"":[]}"
0_000000000000000014ff,7587546,15829,167705,1,4,0,3634,5,15925,3,25.819711123766567,dw,39.44143987176238,2255.0,"{""type"":""MultiPoint"",""coordinates"":[]}"
0_000000000000000014eb,20815,217237,305933,560,40048,94,44583,872756,810650,8,42.066467372579666,dw,29.402388214790648,2235.0,"{""type"":""MultiPoint"",""coordinates"":[]}"
0_000000000000000014ca,7098629,11600,24517,115,74,35,1187,849,873044,3,28.87224236444481,dw,32.64663937014003,2202.0,"{""type"":""MultiPoint"",""coordinates"":[]}"
0_00000000000000001521,59732,192007,941935,4158,120864,444,692496,2254916,607046,8,41.52811460859169,dw,36.40912501732666,2289.0,"{""type"":""MultiPoint"",""coordinates"":[]}"
0_00000000000000001539,7899472,45008,119328,2275,554,0,20003,5250,376942,3,34.097846768529905,dw,42.17077733205292,2313.0,"{""type"":""MultiPoint"",""coordinates"":[]}"
0_00000000000000001376,7598618,1,10851,0,0,0,0,0,0,3,22.837265158410958,dw,26.913768276128742,1862.0,"{""type"":""MultiPoint"",""coordinates"":[]}"
0_000000000000000014ea,875874,383229,2324144,1616,121555,709,1663933,3518841,223475,8,39.846614888505975,dw,30.571185559418517,2234.0,"{""type"":""MultiPoint"",""coordinates"":[]}"
0_000000000000000014d1,10505,652801,4660268,2709,669078,15822,174771,3477631,140511,4,44.3373324824595,dw,24.456310142289475,2209.0,"{""type"":""MultiPoint"",""coordinates"":[]}"
0_000000000000000014e7,8583,141290,104914,145,265,6,60866,101952,242385,8,33.086555680069175,dw,33.740788217936675,2231.0,"{""type"":""MultiPoint"",""coordinates"":[]}"
0_00000000000000001558,383461,336956,1003540,1894,1533621,295076,330008,4510152,313605,2,42.9005604795533,dw,42.61213066593959,2344.0,"{""type"":""MultiPoint"",""coordinates"":[]}"
0_0000000000000000135c,7860941,62,17799,185,32,3,134,6,170,3,27.12109646130962,dw,27.727652666877873,1836.0,"{""type"":""MultiPoint"",""coordinates"":[]}"
0_000000000000000014e9,1275070,318632,2771440,11772,24970,937,1989452,1532656,426468,2,37.60752640395978,dw,31.67941059544996,2233.0,"{""type"":""MultiPoint"",""coordinates"":[]}"
0_00000000000000001501,7765996,6191,355306,19,16,1,4617,25,176,3,30.41936447961534,dw,37.73253787142393,2257.0,"{""type"":""MultiPoint"",""coordinates"":[]}"
0_00000000000000001392,7505748,34,21810,2,0,0,668,88,70081,3,22.637596396391135,dw,29.73831861053302,1890.0,"{""type"":""MultiPoint"",""coordinates"":[]}"
0_000000000000000014ec,14740,299447,4742473,27514,286198,327,113766,1107885,807019,2,44.26327149336202,dw,28.165191372013854,2236.0,"{""type"":""MultiPoint"",""coordinates"":[]}"
0_0000000000000000133f,7744067,1781,4929,0,1,51,249,0,40,3,25.208065416502244,dw,22.99609019443462,1807.0,"{""type"":""MultiPoint"",""coordinates"":[]}"
0_000000000000000012d6,19001,253920,1514912,5089,120487,4859,444919,1954422,2364880,4,40.11932826544235,dw,23.651756343581404,1702.0,"{""type"":""MultiPoint"",""coordinates"":[]}"
0_00000000000000001519,7619218,1247,381,0,0,0,24,0,151,3,23.042512601869063,dw,43.13774879686668,2281.0,"{""type"":""MultiPoint"",""coordinates"":[]}"
0_00000000000000001520,2267913,201469,2984061,1320,62641,4847,2597829,835210,98611,6,39.233978237541955,dw,37.31652265658622,2288.0,"{""type"":""MultiPoint"",""coordinates"":[]}"
0_00000000000000001341,8021793,459,8216,275,24,338,97,325,13937,3,29.347973254216527,dw,26.637576111142657,1809.0,"{""type"":""MultiPoint"",""coordinates"":[]}"
0_000000000000000014e6,6224568,251574,324442,115,133,1420,175793,77324,370599,5,30.811973158395194,dw,34.70532514604306,2230.0,"{""type"":""MultiPoint"",""coordinates"":[]}"
0_0000000000000000153c,577072,121132,353314,183,415439,25967,1102344,1983075,532800,8,41.10810570389599,dw,39.84378482297431,2316.0,"{""type"":""MultiPoint"",""coordinates"":[]}"
0_0000000000000000151d,8180806,1652,104458,0,0,4,6812,0,721,3,32.27516998225611,dw,39.9073610889347,2285.0,"{""type"":""MultiPoint"",""coordinates"":[]}"
0_000000000000000014e4,4026722,8583,50037,723,268,174,6633,153,634122,3,26.252366080062156,dw,36.525850123423155,2228.0,"{""type"":""MultiPoint"",""coordinates"":[]}"
0_0000000000000000130b,1623,1252,461,0,0,13,9513,3005,209281,8,33.745412607059734,dw,24.26359070590716,1755.0,"{""type"":""MultiPoint"",""coordinates"":[]}"
0_0000000000000000151b,7763558,33047,117856,1,9,0,944,25,312,3,27.632267850012,dw,41.54831355683858,2283.0,"{""type"":""MultiPoint"",""coordinates"":[]}"
0_00000000000000001378,7329178,91061,412158,2647,42,4,1571,2635,23994,3,26.895593012335,dw,30.665532359431044,1864.0,"{""type"":""MultiPoint"",""coordinates"":[]}"
0_000000000000000014c8,5840738,724,39507,94,3,39,300,68,488183,8,24.350338839423877,dw,34.51142738682327,2200.0,"{""type"":""MultiPoint"",""coordinates"":[]}"
0_000000000000000014cf,43104,278811,1985138,7985,92793,265,813201,2561472,2864452,1,40.0160936612555,dw,27.13678756351841,2207.0,"{""type"":""MultiPoint"",""coordinates"":[]}"
0_00000000000000001556,4037155,216948,2013704,2192,102732,16102,1427423,425014,688427,4,38.247555738154674,dw,43.870308053948335,2342.0,"{""type"":""MultiPoint"",""coordinates"":[]}"
0_00000000000000001536,7699232,35085,140097,11,23,1,2223,10,349,3,27.08857644202434,dw,44.48960282185481,2310.0,"{""type"":""MultiPoint"",""coordinates"":[]}"
0_000000000000000014cd,134112,79080,94977,829,872,177,269541,567527,549344,4,35.60263900292728,dw,29.51478980464951,2205.0,"{""type"":""MultiPoint"",""coordinates"":[]}"
0_000000000000000014ce,228445,428777,1957430,5896,22618,836,1660228,3118424,1418870,6,37.81903174606241,dw,28.359356742864044,2206.0,"{""type"":""MultiPoint"",""coordinates"":[]}"
0_00000000000000001504,1811882,348606,2086158,9589,12136,7416,1418122,1592641,607963,4,37.31116731378889,dw,34.960029350582275,2260.0,"{""type"":""MultiPoint"",""coordinates"":[]}"
0_00000000000000001555,4036946,288670,2641608,1721,5277,941,1267487,330119,82882,4,35.88352862284761,dw,44.54340261051718,2341.0,"{""type"":""MultiPoint"",""coordinates"":[]}"
0_0000000000000000153d,36630,63140,16901,23,144423,42890,58298,2387080,413348,8,43.40461314391891,dw,39.06718180543746,2317.0,"{""type"":""MultiPoint"",""coordinates"":[]}"
0_000000000000000014e8,153698,204634,314539,577,441,445,635992,718567,1140231,4,35.352946233955706,dw,32.733929956349584,2232.0,"{""type"":""MultiPoint"",""coordinates"":[]}"
0_00000000000000001326,4658938,171,1061,0,0,8829,1579,42,433142,8,31.557893405091967,dw,25.48466014887504,1782.0,"{""type"":""MultiPoint"",""coordinates"":[]}"
0_00000000000000001537,8048545,1401,346,3,0,0,42,0,43,3,29.410038428739025,dw,43.71781728847014,2311.0,"{""type"":""MultiPoint"",""coordinates"":[]}"
0_000000000000000012f0,23896,53520,67811,17,1111,222,306477,367245,1731437,8,35.90498189048241,dw,22.968582864784164,1728.0,"{""type"":""MultiPoint"",""coordinates"":[]}"
0_00000000000000001506,33145,132383,341025,163,132214,397,643858,2949265,512407,8,41.84847198059538,dw,32.926331058620804,2262.0,"{""type"":""MultiPoint"",""coordinates"":[]}"
0_000000000000000014fe,7199711,42149,346671,122,7,2,5316,54,49152,3,23.53153768793674,dw,40.26342412678394,2254.0,"{""type"":""MultiPoint"",""coordinates"":[]}"
0_00000000000000001557,1348336,301204,2115719,2651,2555577,67156,1225844,1532377,84694,6,40.59101345567889,dw,43.225183763431914,2343.0,"{""type"":""MultiPoint"",""coordinates"":[]}"
0_00000000000000001342,2733803,60461,195047,3240,93,19669,3639,2773,474411,8,31.373209812300402,dw,28.577115441214023,1810.0,"{""type"":""MultiPoint"",""coordinates"":[]}"
0_000000000000000014e5,6569369,28318,66087,248,863,170,4570,578,824784,3,28.532750462760454,dw,35.63227491671913,2229.0,"{""type"":""MultiPoint"",""coordinates"":[]}"
0_0000000000000000151a,7737664,6949,13347,0,1,0,714,1,27,3,25.32781528808461,dw,42.348674018570655,2282.0,"{""type"":""MultiPoint"",""coordinates"":[]}"
0_0000000000000000135b,7742420,4,19,0,0,0,5,0,0,3,25.07065421266204,dw,25.880287764330156,1835.0,"{""type"":""MultiPoint"",""coordinates"":[]}"
0_00000000000000001538,7937419,54079,160605,5222,492,44,1621,2128,85363,3,31.74942720715391,dw,42.94483148130706,2312.0,"{""type"":""MultiPoint"",""coordinates"":[]}"
0_00000000000000001393,7492275,26053,154037,1581,73,0,499,1869,39376,3,24.64478206662743,dw,31.635802469766503,1891.0,"{""type"":""MultiPoint"",""coordinates"":[]}"
1_000000000000000014e3,2121723,16161,709,338,1592,0,1070,500,521090,3,23.974216368174805,wc,37.389812984398326,2227.0,"{""type"":""MultiPoint"",""coordinates"":[]}"
1_0000000000000000135a,7618055,0,1,0,0,0,0,0,0,3,22.989818779014676,wc,24.08886241049551,1834.0,"{""type"":""MultiPoint"",""coordinates"":[]}"
1_000000000000000012f1,87565,92390,61414,2409,408515,0,321479,520671,4673938,8,37.96952366240917,wc,24.99310667924785,1729.0,"{""type"":""MultiPoint"",""coordinates"":[]}"
1_00000000000000001340,7891451,0,0,0,0,0,0,0,0,3,27.292532980363788,wc,24.78180624326164,1808.0,"{""type"":""MultiPoint"",""coordinates"":[]}"
1_000000000000000014cb,1691314,510807,2111734,143143,6688,0,96806,193729,738300,8,31.12589014982892,wc,31.652384823678453,2203.0,"{""type"":""MultiPoint"",""coordinates"":[]}"
1_00000000000000001505,1177169,159231,4435805,28068,2763672,0,522,351868,183733,4,39.58851361322578,wc,33.96483835748961,2261.0,"{""type"":""MultiPoint"",""coordinates"":[]}"
1_0000000000000000151c,8055415,18605,15274,0,2631,0,319,1032,431,3,29.950046792532063,wc,40.73511655663073,2284.0,"{""type"":""MultiPoint"",""coordinates"":[]}"
1_00000000000000001325,8055193,259,207,16,0,0,168,109,1284,3,29.495624963151798,wc,23.614251567291944,1781.0,"{""type"":""MultiPoint"",""coordinates"":[]}"
1_00000000000000001507,7639,15635,11263,47,49690,0,31,77409,182212,8,44.08665935992824,wc,31.838874581136352,2263.0,"{""type"":""MultiPoint"",""coordinates"":[]}"
1_0000000000000000151f,952453,202911,4279371,3177,2745164,0,70095,259913,259165,4,36.923175684548326,wc,38.200311274262546,2287.0,"{""type"":""MultiPoint"",""coordinates"":[]}"
1_0000000000000000130c,63230,21210,16398,42,390737,0,170510,283341,3504233,8,35.79232396217201,wc,26.256252311960612,1756.0,"{""type"":""MultiPoint"",""coordinates"":[]}"
1_00000000000000001377,7680465,1337,38017,0,1900,0,1112,7259,474,3,24.882581192188017,wc,28.75975381638381,1863.0,"{""type"":""MultiPoint"",""coordinates"":[]}"
1_00000000000000001503,644927,171395,1355336,1981,1561456,0,284323,617469,546541,2,35.02087457901839,wc,35.91686621155021,2259.0,"{""type"":""MultiPoint"",""coordinates"":[]}"
1_0000000000000000153a,1641493,79056,4930685,202,1931116,0,6129,58423,70932,8,36.446314863770986,wc,41.39580093436454,2314.0,"{""type"":""MultiPoint"",""coordinates"":[]}"
1_000000000000000014c9,5012571,49392,147067,534,602,0,4087,21144,778533,3,26.61269811726308,wc,33.598149820031246,2201.0,"{""type"":""MultiPoint"",""coordinates"":[]}"
1_000000000000000014d0,94406,163446,3107087,16064,1566151,0,69484,4286453,162071,2,42.190142886937466,wc,25.838876741171813,2208.0,"{""type"":""MultiPoint"",""coordinates"":[]}"
1_00000000000000001502,5242555,238664,1204274,1285,1336210,0,115605,167836,29350,3,32.72211208001137,wc,36.839737263303064,2258.0,"{""type"":""MultiPoint"",""coordinates"":[]}"
1_00000000000000001522,10641,7580,14692,2724,110823,0,3,159338,372523,2,43.799930555714816,wc,35.47515751037879,2290.0,"{""type"":""MultiPoint"",""coordinates"":[]}"
1_0000000000000000135d,7292703,81557,540928,1614,1426,0,14922,45838,50164,3,29.13969491937193,wc,29.647592824464773,1837.0,"{""type"":""MultiPoint"",""coordinates"":[]}"
1_0000000000000000151e,7332712,36571,208636,3977,922824,0,2060,1872,11251,4,34.60157100642988,wc,39.06313473109428,2286.0,"{""type"":""MultiPoint"",""coordinates"":[]}"
1_0000000000000000153b,461104,88830,2193831,4108,5687541,100,6765,403741,150720,4,38.78594194387738,wc,40.6200705123653,2315.0,"{""type"":""MultiPoint"",""coordinates"":[]}"
1_00000000000000001500,7942684,3883,3513,0,709,0,130,375,0,3,28.117094467301715,wc,38.59873816555289,2256.0,"{""type"":""MultiPoint"",""coordinates"":[]}"
1_000000000000000014ff,7765783,10006,7225,0,67,0,1213,6320,43,3,25.819711123766567,wc,39.44143987176238,2255.0,"{""type"":""MultiPoint"",""coordinates"":[]}"
1_000000000000000014eb,49115,138319,294479,4284,144758,0,17345,857039,807339,8,42.066467372579666,wc,29.402388214790648,2235.0,"{""type"":""MultiPoint"",""coordinates"":[]}"
1_000000000000000014ca,7074624,32974,20868,120,418,0,2797,4837,873349,3,28.87224236444481,wc,32.64663937014003,2202.0,"{""type"":""MultiPoint"",""coordinates"":[]}"
1_00000000000000001521,251869,59530,737958,18470,1040582,0,4496,2158589,602095,8,41.52811460859169,wc,36.40912501732666,2289.0,"{""type"":""MultiPoint"",""coordinates"":[]}"
1_00000000000000001539,6998630,36746,422490,2609,615862,0,25324,9732,357439,3,34.097846768529905,wc,42.17077733205292,2313.0,"{""type"":""MultiPoint"",""coordinates"":[]}"
1_00000000000000001376,7587040,0,22315,0,131,0,31,0,0,3,22.837265158410958,wc,26.913768276128742,1862.0,"{""type"":""MultiPoint"",""coordinates"":[]}"
1_000000000000000014ea,653923,178544,2250600,2627,2367399,0,57763,3383504,219052,8,39.846614888505975,wc,30.571185559418517,2234.0,"{""type"":""MultiPoint"",""coordinates"":[]}"
1_000000000000000014d1,53096,223131,4746546,46589,1413720,0,3409,3191012,126634,4,44.3373324824595,wc,24.456310142289475,2209.0,"{""type"":""MultiPoint"",""coordinates"":[]}"
1_000000000000000014e7,32772,71818,54293,627,92026,0,45774,121747,241375,8,33.086555680069175,wc,33.740788217936675,2231.0,"{""type"":""MultiPoint"",""coordinates"":[]}"
1_00000000000000001558,585312,97198,1050480,22634,2423936,125978,18986,4151664,283631,2,42.9005604795533,wc,42.61213066593959,2344.0,"{""type"":""MultiPoint"",""coordinates"":[]}"
1_0000000000000000135c,7834212,1155,40516,132,1607,0,171,1483,120,3,27.12109646130962,wc,27.727652666877873,1836.0,"{""type"":""MultiPoint"",""coordinates"":[]}"
1_000000000000000014e9,452279,134414,2594871,20189,2908226,0,218252,1595527,427614,2,37.60752640395978,wc,31.67941059544996,2233.0,"{""type"":""MultiPoint"",""coordinates"":[]}"
1_00000000000000001501,7850170,12221,182854,31,83957,0,1483,1491,167,3,30.41936447961534,wc,37.73253787142393,2257.0,"{""type"":""MultiPoint"",""coordinates"":[]}"
1_00000000000000001392,7447543,697,58518,1,6269,0,11252,1396,72666,3,22.637596396391135,wc,29.73831861053302,1890.0,"{""type"":""MultiPoint"",""coordinates"":[]}"
1_000000000000000014ec,75013,135096,4373693,397446,715312,0,577,930272,771862,2,44.26327149336202,wc,28.165191372013854,2236.0,"{""type"":""MultiPoint"",""coordinates"":[]}"
1_0000000000000000133f,7747338,778,1958,0,316,0,63,681,61,3,25.208065416502244,wc,22.99609019443462,1807.0,"{""type"":""MultiPoint"",""coordinates"":[]}"
1_000000000000000012d6,98131,136816,1209703,19777,777090,0,254693,1829752,2348295,4,40.11932826544235,wc,23.651756343581404,1702.0,"{""type"":""MultiPoint"",""coordinates"":[]}"
1_00000000000000001519,7614980,5932,38,0,1,0,15,13,25,3,23.042512601869063,wc,43.13774879686668,2281.0,"{""type"":""MultiPoint"",""coordinates"":[]}"
1_00000000000000001520,891364,77726,2053980,1260,5326662,39,4297,604518,94075,6,39.233978237541955,wc,37.31652265658622,2288.0,"{""type"":""MultiPoint"",""coordinates"":[]}"
1_00000000000000001341,8024377,777,1966,1712,45,0,1229,4745,10701,3,29.347973254216527,wc,26.637576111142657,1809.0,"{""type"":""MultiPoint"",""coordinates"":[]}"
1_000000000000000014e6,5774082,186659,386619,1467,462974,0,172512,71346,370302,5,30.811973158395194,wc,34.70532514604306,2230.0,"{""type"":""MultiPoint"",""coordinates"":[]}"
1_0000000000000000153c,226021,28465,161844,96,2363240,75,49,1805502,526007,8,41.10810570389599,wc,39.84378482297431,2316.0,"{""type"":""MultiPoint"",""coordinates"":[]}"
1_0000000000000000151d,8261260,6559,7405,8,17261,0,1097,0,843,3,32.27516998225611,wc,39.9073610889347,2285.0,"{""type"":""MultiPoint"",""coordinates"":[]}"
1_000000000000000014e4,4068488,7416,4685,3256,757,0,864,5286,636678,3,26.252366080062156,wc,36.525850123423155,2228.0,"{""type"":""MultiPoint"",""coordinates"":[]}"
1_0000000000000000130b,2352,145,23,2,6946,0,4248,2249,209167,8,33.745412607059734,wc,24.26359070590716,1755.0,"{""type"":""MultiPoint"",""coordinates"":[]}"
1_0000000000000000151b,7769783,27686,87638,0,27603,0,1519,1223,334,3,27.632267850012,wc,41.54831355683858,2283.0,"{""type"":""MultiPoint"",""coordinates"":[]}"
1_00000000000000001378,7305658,80674,416887,1110,359,0,6118,32456,19910,3,26.895593012335,wc,30.665532359431044,1864.0,"{""type"":""MultiPoint"",""coordinates"":[]}"
1_000000000000000014c8,5843930,3262,30427,144,126,0,1628,1157,488880,8,24.350338839423877,wc,34.51142738682327,2200.0,"{""type"":""MultiPoint"",""coordinates"":[]}"
1_000000000000000014cf,214773,119738,1769828,33270,906808,0,156353,2591269,2839735,1,40.0160936612555,wc,27.13678756351841,2207.0,"{""type"":""MultiPoint"",""coordinates"":[]}"
1_00000000000000001556,749675,64776,867976,8639,6288576,61,2876,251098,696026,4,38.247555738154674,wc,43.870308053948335,2342.0,"{""type"":""MultiPoint"",""coordinates"":[]}"
1_00000000000000001536,7657647,46979,140794,94,17690,0,3330,10181,279,3,27.08857644202434,wc,44.48960282185481,2310.0,"{""type"":""MultiPoint"",""coordinates"":[]}"
1_000000000000000014cd,54003,24041,69349,2310,335410,0,86850,576020,548556,4,35.60263900292728,wc,29.51478980464951,2205.0,"{""type"":""MultiPoint"",""coordinates"":[]}"
1_000000000000000014ce,517877,165110,1669356,16293,1519259,0,283712,3252725,1417213,6,37.81903174606241,wc,28.359356742864044,2206.0,"{""type"":""MultiPoint"",""coordinates"":[]}"
1_00000000000000001504,732112,131943,1861911,28864,2657807,0,135067,1751775,594997,4,37.31116731378889,wc,34.960029350582275,2260.0,"{""type"":""MultiPoint"",""coordinates"":[]}"
1_00000000000000001555,985575,139392,2872501,387,4330090,0,75191,185342,67156,4,35.88352862284761,wc,44.54340261051718,2341.0,"{""type"":""MultiPoint"",""coordinates"":[]}"
1_0000000000000000153d,39766,19900,15777,731,342685,2974,555,2329570,410788,8,43.40461314391891,wc,39.06718180543746,2317.0,"{""type"":""MultiPoint"",""coordinates"":[]}"
1_000000000000000014e8,112831,71333,274684,2238,685481,0,238605,646895,1136914,4,35.352946233955706,wc,32.733929956349584,2232.0,"{""type"":""MultiPoint"",""coordinates"":[]}"
1_00000000000000001326,4466266,2927,156582,300,33780,0,1778,13,442092,8,31.557893405091967,wc,25.48466014887504,1782.0,"{""type"":""MultiPoint"",""coordinates"":[]}"
1_00000000000000001537,8035776,7040,3735,0,3595,0,175,14,26,3,29.410038428739025,wc,43.71781728847014,2311.0,"{""type"":""MultiPoint"",""coordinates"":[]}"
1_000000000000000012f0,35910,10313,4624,532,167614,0,206092,397080,1727790,8,35.90498189048241,wc,22.968582864784164,1728.0,"{""type"":""MultiPoint"",""coordinates"":[]}"
1_00000000000000001506,90968,35722,300125,202,1018350,0,4819,2784722,509011,8,41.84847198059538,wc,32.926331058620804,2262.0,"{""type"":""MultiPoint"",""coordinates"":[]}"
1_000000000000000014fe,7535971,37382,7073,238,3036,0,6227,3861,49389,3,23.53153768793674,wc,40.26342412678394,2254.0,"{""type"":""MultiPoint"",""coordinates"":[]}"
1_00000000000000001557,484523,104729,1375222,2688,5965836,197,1414,1228392,72039,6,40.59101345567889,wc,43.225183763431914,2343.0,"{""type"":""MultiPoint"",""coordinates"":[]}"
1_00000000000000001342,2677496,67886,220565,6004,8297,0,15357,6685,490887,8,31.373209812300402,wc,28.577115441214023,1810.0,"{""type"":""MultiPoint"",""coordinates"":[]}"
1_000000000000000014e5,6573814,36744,43042,2689,8437,0,2040,2156,826082,3,28.532750462760454,wc,35.63227491671913,2229.0,"{""type"":""MultiPoint"",""coordinates"":[]}"
1_0000000000000000151a,7727148,17926,11727,26,607,0,692,593,25,3,25.32781528808461,wc,42.348674018570655,2282.0,"{""type"":""MultiPoint"",""coordinates"":[]}"
1_0000000000000000135b,7742433,0,0,0,0,0,0,0,0,3,25.07065421266204,wc,25.880287764330156,1835.0,"{""type"":""MultiPoint"",""coordinates"":[]}"
1_00000000000000001538,7865561,25784,237280,1918,13357,0,4132,18742,80222,3,31.74942720715391,wc,42.94483148130706,2312.0,"{""type"":""MultiPoint"",""coordinates"":[]}"
1_00000000000000001393,7492836,25675,118545,199,493,0,7845,33445,36811,3,24.64478206662743,wc,31.635802469766503,1891.0,"{""type"":""MultiPoint"",""coordinates"":[]}"
2_000000000000000014e3,938854,31176,1125,217,12,0,1170007,28,521723,3,23.974216368174805,esri,37.389812984398326,2227.0,"{""type"":""MultiPoint"",""coordinates"":[]}"
2_0000000000000000135a,6355990,20356,210,572,0,0,1240981,6,2,3,22.989818779014676,esri,24.08886241049551,1834.0,"{""type"":""MultiPoint"",""coordinates"":[]}"
2_000000000000000012f1,11402,258094,82904,1846,3643,274,775162,356810,4754518,8,37.96952366240917,esri,24.99310667924785,1729.0,"{""type"":""MultiPoint"",""coordinates"":[]}"
2_00000000000000001340,7100830,0,2548,416,0,0,787712,0,0,3,27.292532980363788,esri,24.78180624326164,1808.0,"{""type"":""MultiPoint"",""coordinates"":[]}"
2_000000000000000014cb,1192166,665884,2427331,35046,2365,5,353319,12704,803708,8,31.12589014982892,esri,31.652384823678453,2203.0,"{""type"":""MultiPoint"",""coordinates"":[]}"
2_00000000000000001505,380567,383517,4663167,2044,11083,15,3290434,285874,83358,4,39.58851361322578,esri,33.96483835748961,2261.0,"{""type"":""MultiPoint"",""coordinates"":[]}"
2_0000000000000000151c,3492521,31426,15864,341,46,0,4553224,27,287,3,29.950046792532063,esri,40.73511655663073,2284.0,"{""type"":""MultiPoint"",""coordinates"":[]}"
2_00000000000000001325,6074224,678,45,0,0,0,1978291,10,3982,3,29.495624963151798,esri,23.614251567291944,1781.0,"{""type"":""MultiPoint"",""coordinates"":[]}"
2_00000000000000001507,1171,29045,20843,73,2314,11,45639,62272,182537,8,44.08665935992824,esri,31.838874581136352,2263.0,"{""type"":""MultiPoint"",""coordinates"":[]}"
2_0000000000000000151f,558786,449152,3584084,3326,2258,25,3778247,134680,261665,4,36.923175684548326,esri,38.200311274262546,2287.0,"{""type"":""MultiPoint"",""coordinates"":[]}"
2_0000000000000000130c,9357,85410,23111,48,549,39,747251,77082,3520439,8,35.79232396217201,esri,26.256252311960612,1756.0,"{""type"":""MultiPoint"",""coordinates"":[]}"
2_00000000000000001377,6603372,26379,62439,709,1,0,1036773,459,501,3,24.882581192188017,esri,28.75975381638381,1863.0,"{""type"":""MultiPoint"",""coordinates"":[]}"
2_00000000000000001503,211041,584443,1049239,3650,2447,16,2481589,305054,545919,2,35.02087457901839,esri,35.91686621155021,2259.0,"{""type"":""MultiPoint"",""coordinates"":[]}"
2_0000000000000000153a,1068096,180956,2906550,81,490,12,4478187,8616,75010,8,36.446314863770986,esri,41.39580093436454,2314.0,"{""type"":""MultiPoint"",""coordinates"":[]}"
2_000000000000000014c9,3211484,63748,176348,1269,342,0,1781014,246,779476,3,26.61269811726308,esri,33.598149820031246,2201.0,"{""type"":""MultiPoint"",""coordinates"":[]}"
2_000000000000000014d0,7859,374720,3420315,1645,180857,60,1441924,3868465,169349,2,42.190142886937466,esri,25.838876741171813,2208.0,"{""type"":""MultiPoint"",""coordinates"":[]}"
2_00000000000000001502,1899684,520026,913183,930,6117,3,4904707,62984,28134,3,32.72211208001137,esri,36.839737263303064,2258.0,"{""type"":""MultiPoint"",""coordinates"":[]}"
2_00000000000000001522,2664,18605,27875,0,3952,0,118197,133780,373317,2,43.799930555714816,esri,35.47515751037879,2290.0,"{""type"":""MultiPoint"",""coordinates"":[]}"
2_0000000000000000135d,6758390,102660,635875,567,167,103,475405,5043,50983,3,29.13969491937193,esri,29.647592824464773,1837.0,"{""type"":""MultiPoint"",""coordinates"":[]}"
2_0000000000000000151e,804360,47995,138520,261,77,0,7515533,291,12843,4,34.60157100642988,esri,39.06313473109428,2286.0,"{""type"":""MultiPoint"",""coordinates"":[]}"
2_0000000000000000153b,115674,253491,2395858,775,19641,36,5627767,422289,161199,4,38.78594194387738,esri,40.6200705123653,2315.0,"{""type"":""MultiPoint"",""coordinates"":[]}"
2_00000000000000001500,4095789,4297,9452,8252,19,0,3833392,2,121,3,28.117094467301715,esri,38.59873816555289,2256.0,"{""type"":""MultiPoint"",""coordinates"":[]}"
2_000000000000000014ff,3072852,77298,40125,156,5,0,4599227,46,940,3,25.819711123766567,esri,39.44143987176238,2255.0,"{""type"":""MultiPoint"",""coordinates"":[]}"
2_000000000000000014eb,11877,241366,340519,925,19337,0,131408,756853,810391,8,42.066467372579666,esri,29.402388214790648,2235.0,"{""type"":""MultiPoint"",""coordinates"":[]}"
2_000000000000000014ca,4060817,29500,37394,1265,108,17,3006805,379,873765,3,28.87224236444481,esri,32.64663937014003,2202.0,"{""type"":""MultiPoint"",""coordinates"":[]}"
2_00000000000000001521,8747,213020,1013493,3352,84326,0,1255233,1691769,603658,8,41.52811460859169,esri,36.40912501732666,2289.0,"{""type"":""MultiPoint"",""coordinates"":[]}"
2_00000000000000001539,1056302,75591,340067,877,388,0,6626564,3489,365554,3,34.097846768529905,esri,42.17077733205292,2313.0,"{""type"":""MultiPoint"",""coordinates"":[]}"
2_00000000000000001376,6423445,958,22862,234,0,0,1161971,0,0,3,22.837265158410958,esri,26.913768276128742,1862.0,"{""type"":""MultiPoint"",""coordinates"":[]}"
2_000000000000000014ea,158345,445233,2239359,922,50021,157,3114892,2881850,222597,8,39.846614888505975,esri,30.571185559418517,2234.0,"{""type"":""MultiPoint"",""coordinates"":[]}"
2_000000000000000014d1,4461,748343,5171794,3932,288503,46,657721,2791196,138100,4,44.3373324824595,esri,24.456310142289475,2209.0,"{""type"":""MultiPoint"",""coordinates"":[]}"
2_000000000000000014e7,2583,160342,92431,93,2825,0,112189,48408,241535,8,33.086555680069175,esri,33.740788217936675,2231.0,"{""type"":""MultiPoint"",""coordinates"":[]}"
2_00000000000000001558,260988,453486,1231502,1281,1127466,131401,1417455,3839415,296789,2,42.9005604795533,esri,42.61213066593959,2344.0,"{""type"":""MultiPoint"",""coordinates"":[]}"
2_0000000000000000135c,7314214,13144,48175,107,0,10,503006,441,235,3,27.12109646130962,esri,27.727652666877873,1836.0,"{""type"":""MultiPoint"",""coordinates"":[]}"
2_000000000000000014e9,98806,371563,2506487,14060,14496,182,3661724,1264768,419311,2,37.60752640395978,esri,31.67941059544996,2233.0,"{""type"":""MultiPoint"",""coordinates"":[]}"
2_00000000000000001501,2248175,19845,292623,155,76,1,5570852,451,169,3,30.41936447961534,esri,37.73253787142393,2257.0,"{""type"":""MultiPoint"",""coordinates"":[]}"
2_00000000000000001392,6713202,3756,56372,73,23,0,714538,44,110423,3,22.637596396391135,esri,29.73831861053302,1890.0,"{""type"":""MultiPoint"",""coordinates"":[]}"
2_000000000000000014ec,4498,337197,4926574,119809,146656,7,307892,771337,785399,2,44.26327149336202,esri,28.165191372013854,2236.0,"{""type"":""MultiPoint"",""coordinates"":[]}"
2_0000000000000000133f,6260415,12661,6237,20589,10,0,1451049,118,39,3,25.208065416502244,esri,22.99609019443462,1807.0,"{""type"":""MultiPoint"",""coordinates"":[]}"
2_000000000000000012d6,7751,273299,1622457,6392,30031,313,885260,1494167,2362819,4,40.11932826544235,esri,23.651756343581404,1702.0,"{""type"":""MultiPoint"",""coordinates"":[]}"
2_00000000000000001519,5926008,9002,85,0,0,0,1685852,24,50,3,23.042512601869063,esri,43.13774879686668,2281.0,"{""type"":""MultiPoint"",""coordinates"":[]}"
2_00000000000000001520,159170,196097,2179484,324,24872,86,5829924,572662,91282,6,39.233978237541955,esri,37.31652265658622,2288.0,"{""type"":""MultiPoint"",""coordinates"":[]}"
2_00000000000000001341,6402196,2526,8102,426,17,5,1605881,1736,24575,3,29.347973254216527,esri,26.637576111142657,1809.0,"{""type"":""MultiPoint"",""coordinates"":[]}"
2_000000000000000014e6,2447924,319316,306919,884,1082,29,3960591,20371,368852,5,30.811973158395194,esri,34.70532514604306,2230.0,"{""type"":""MultiPoint"",""coordinates"":[]}"
2_0000000000000000153c,44020,133251,182051,125,231348,106,2295085,1696339,529001,8,41.10810570389599,esri,39.84378482297431,2316.0,"{""type"":""MultiPoint"",""coordinates"":[]}"
2_0000000000000000151d,325262,4293,115,0,0,0,7964116,5,662,3,32.27516998225611,esri,39.9073610889347,2285.0,"{""type"":""MultiPoint"",""coordinates"":[]}"
2_000000000000000014e4,2319672,23369,14831,957,13,0,1730085,246,638242,3,26.252366080062156,esri,36.525850123423155,2228.0,"{""type"":""MultiPoint"",""coordinates"":[]}"
2_0000000000000000130b,449,631,0,0,0,0,13963,756,209349,8,33.745412607059734,esri,24.26359070590716,1755.0,"{""type"":""MultiPoint"",""coordinates"":[]}"
2_0000000000000000151b,4754710,69566,133686,42,99,0,2957294,64,291,3,27.632267850012,esri,41.54831355683858,2283.0,"{""type"":""MultiPoint"",""coordinates"":[]}"
2_00000000000000001378,4734214,109385,458476,1026,149,860,2537125,297,21758,3,26.895593012335,esri,30.665532359431044,1864.0,"{""type"":""MultiPoint"",""coordinates"":[]}"
2_000000000000000014c8,3531512,4461,39321,815,3,0,2303596,786,489162,8,24.350338839423877,esri,34.51142738682327,2200.0,"{""type"":""MultiPoint"",""coordinates"":[]}"
2_000000000000000014cf,23693,281326,2041447,12909,18859,10,1459862,1947865,2861250,1,40.0160936612555,esri,27.13678756351841,2207.0,"{""type"":""MultiPoint"",""coordinates"":[]}"
2_00000000000000001556,342895,207727,976390,2183,11504,356,6548711,158036,681895,4,38.247555738154674,esri,43.870308053948335,2342.0,"{""type"":""MultiPoint"",""coordinates"":[]}"
2_00000000000000001536,3524230,100982,185908,1,125,1,4065375,102,307,3,27.08857644202434,esri,44.48960282185481,2310.0,"{""type"":""MultiPoint"",""coordinates"":[]}"
2_000000000000000014cd,12233,108114,78994,1205,807,12,486395,459593,549106,4,35.60263900292728,esri,29.51478980464951,2205.0,"{""type"":""MultiPoint"",""coordinates"":[]}"
2_000000000000000014ce,62508,456041,1843523,8238,7679,111,2722955,2329603,1410866,6,37.81903174606241,esri,28.359356742864044,2206.0,"{""type"":""MultiPoint"",""coordinates"":[]}"
2_00000000000000001504,230843,340368,2078260,10872,5478,172,3386343,1244959,597218,4,37.31116731378889,esri,34.960029350582275,2260.0,"{""type"":""MultiPoint"",""coordinates"":[]}"
2_00000000000000001555,325234,375587,2893775,366,1551,6,4927409,55179,76544,4,35.88352862284761,esri,44.54340261051718,2341.0,"{""type"":""MultiPoint"",""coordinates"":[]}"
2_0000000000000000153d,10270,88099,27934,98,94964,1608,272317,2256032,411411,8,43.40461314391891,esri,39.06718180543746,2317.0,"{""type"":""MultiPoint"",""coordinates"":[]}"
2_000000000000000014e8,27474,250247,266592,306,2728,1961,1053095,427844,1138877,4,35.352946233955706,esri,32.733929956349584,2232.0,"{""type"":""MultiPoint"",""coordinates"":[]}"
2_00000000000000001326,591575,6535,2570,0,0,1,4059733,11,443337,8,31.557893405091967,esri,25.48466014887504,1782.0,"{""type"":""MultiPoint"",""coordinates"":[]}"
2_00000000000000001537,2749783,6001,300,0,11,0,5294274,0,11,3,29.410038428739025,esri,43.71781728847014,2311.0,"{""type"":""MultiPoint"",""coordinates"":[]}"
2_000000000000000012f0,8314,50101,36113,1,385,80,571820,153692,1731230,8,35.90498189048241,esri,22.968582864784164,1728.0,"{""type"":""MultiPoint"",""coordinates"":[]}"
2_00000000000000001506,5585,157797,379459,298,60643,1,1036433,2592067,512574,8,41.84847198059538,esri,32.926331058620804,2262.0,"{""type"":""MultiPoint"",""coordinates"":[]}"
2_000000000000000014fe,2664441,123692,42431,29,59,0,4763165,117,49250,3,23.53153768793674,esri,40.26342412678394,2254.0,"{""type"":""MultiPoint"",""coordinates"":[]}"
2_00000000000000001557,58396,303928,1178996,2794,1567692,1231,4805477,1240344,76166,6,40.59101345567889,esri,43.225183763431914,2343.0,"{""type"":""MultiPoint"",""coordinates"":[]}"
2_00000000000000001342,1930638,89799,211421,2845,210,16,764543,483,493181,8,31.373209812300402,esri,28.577115441214023,1810.0,"{""type"":""MultiPoint"",""coordinates"":[]}"
2_000000000000000014e5,3357091,54792,78072,4665,386,12,3172796,838,826335,3,28.532750462760454,esri,35.63227491671913,2229.0,"{""type"":""MultiPoint"",""coordinates"":[]}"
2_0000000000000000151a,4227268,39474,17872,0,31,0,3474028,0,30,3,25.32781528808461,esri,42.348674018570655,2282.0,"{""type"":""MultiPoint"",""coordinates"":[]}"
2_0000000000000000135b,5795651,1495,805,3015,0,0,1941478,1,3,3,25.07065421266204,esri,25.880287764330156,1835.0,"{""type"":""MultiPoint"",""coordinates"":[]}"
2_00000000000000001538,733618,76033,265254,3358,224,0,7090883,727,76876,3,31.74942720715391,esri,42.94483148130706,2312.0,"{""type"":""MultiPoint"",""coordinates"":[]}"
2_00000000000000001393,6082314,42884,175228,1051,388,0,1368985,3692,41221,3,24.64478206662743,esri,31.635802469766503,1891.0,"{""type"":""MultiPoint"",""coordinates"":[]}"
